,fit_time,score_time,test_loss_constraint,train_loss_constraint,test_mse,train_mse,test_R2,train_R2
0,13.893668413162231,0.5183453559875488,0.0031148837879300117,0.003084862371906638,0.0025674795921810495,0.0024734525976186266,0.9469816166250301,0.9598794396731594
1,13.74112868309021,0.42180752754211426,0.0030435477383434772,0.0031586315017193556,0.0024403821501509278,0.002520446753183027,0.9590818409239635,0.9629626765631563
2,12.10274600982666,0.8364548683166504,0.0027104271575808525,0.003123176284134388,0.002198669546435647,0.0025748344456193446,0.9061055354270307,0.9497161690836541
3,14.149823904037476,0.39621949195861816,0.003970932215452194,0.003148623974993825,0.0031108132835776167,0.002492955144689944,0.9751203024467792,0.9633588297016044
4,13.978642225265503,0.30861473083496094,0.003325053257867694,0.003092044498771429,0.002640254957058566,0.0024711932119663546,0.9663400227205882,0.9617520716797917
