,fit_time,score_time,test_loss_constraint,train_loss_constraint,test_mse,train_mse,test_R2,train_R2
0,4343.369804620743,26.848005294799805,1.2000753486063331e-05,1.1866843124153093e-05,0.03512367252718898,0.03183304972493684,0.6627306833033486,0.6892452113448477
1,4360.698699951172,24.059382915496826,1.2814489309675992e-05,1.3133677384757902e-05,0.034768243073081725,0.03294327001388701,0.6671966769996487,0.6781091989175574
2,4330.376483201981,34.75956583023071,1.2756380783685017e-05,1.2829332263208926e-05,0.03198809239903088,0.030734936680500476,0.6880622516791508,0.7011651506584771
3,4351.423653841019,31.86346673965454,1.2948816220159642e-05,1.280173546547303e-05,0.03375748876998002,0.03448212066167461,0.6659301321843993,0.6659317752693099
4,4363.416837453842,21.233749866485596,1.153342873294605e-05,1.1466830073914025e-05,0.030675098456468805,0.030522886190917836,0.6980358301615275,0.703879798597868
