,fit_time,score_time,test_loss_constraint,train_loss_constraint,test_mse,train_mse,test_R2,train_R2
0,710.3994598388672,9.017908573150635,9.811559721129015e-05,0.00014781464415136725,0.07301049707532348,0.007253801617403753,-0.9611924791831203,0.8621012779435194
1,709.9952268600464,7.349874496459961,7.531858864240348e-05,0.0001566857099533081,0.06740048119258729,0.007816114059209555,-0.4366718344551703,0.8458447046095986
2,710.6025040149689,8.743711233139038,6.127811502665281e-05,0.00014638919674325734,0.057496355183803624,0.011929253637965199,-0.5447773308051003,0.7718182536159177
3,715.0818610191345,5.9414708614349365,6.1030950746499e-05,0.00011470168828964233,0.0815690506412557,0.0125078645064528,-0.3641315834898151,0.7275912665710007
4,716.4498906135559,5.864184141159058,7.765232294332236e-05,0.00012983166379854083,0.0662256789051358,0.008599331976583214,-0.16517710419804565,0.8193112623694825
