,fit_time,score_time,test_loss_constraint,train_loss_constraint,test_mse,train_mse,test_R2,train_R2
0,258.1189012527466,0.5811588764190674,0.001371568301692605,0.0013591974275186658,0.0012864878046409288,0.0012581989741828027,0.9360139406212468,0.9447400085624998
1,259.5240886211395,0.4801056385040283,0.0013947683619335294,0.0013850420946255326,0.0012678744136661812,0.0012988926016677027,0.9504469926191417,0.9382500491160912
2,263.4479629993439,0.25296783447265625,0.001357572735287249,0.0013931787107139826,0.0012585570954858594,0.001287414560309513,0.9417891854500279,0.9435690518887375
3,263.4570734500885,0.27231717109680176,0.0014122218126431108,0.0013803999172523618,0.0013361012662727845,0.0012717685874207658,0.9401117296866074,0.9433047243455953
4,252.42368149757385,0.4135453701019287,0.0013688597828149796,0.0013685966841876507,0.0012642814228591066,0.0012717903187181633,0.9409219778793853,0.943249198689403
