,fit_time,score_time,test_loss_constraint,train_loss_constraint,test_mse,train_mse,test_R2,train_R2
count,5.0,5.0,5.0,5.0,5.0,5.0,5.0,5.0
mean,259.3943415641785,0.4000189781188965,0.0013809981988742947,0.0013772829668596386,0.0012826604005849722,0.0012776130084597894,0.9418567652512818,0.9426226065204654
std,4.559915601395335,0.13905061090507104,2.207684248832014e-05,1.3464140856666571e-05,3.165421257661368e-05,1.5762750440308035e-05,0.0052880561048235415,0.00251775251816063
min,252.42368149757385,0.25296783447265625,0.001357572735287249,0.0013591974275186658,0.0012585570954858594,0.0012581989741828027,0.9360139406212468,0.9382500491160912
25%,258.1189012527466,0.27231717109680176,0.0013688597828149796,0.0013685966841876507,0.0012642814228591066,0.0012717685874207658,0.9401117296866074,0.943249198689403
50%,259.5240886211395,0.4135453701019287,0.001371568301692605,0.0013803999172523618,0.0012678744136661812,0.0012717903187181633,0.9409219778793853,0.9433047243455953
75%,263.4479629993439,0.4801056385040283,0.0013947683619335294,0.0013850420946255326,0.0012864878046409288,0.001287414560309513,0.9417891854500279,0.9435690518887375
max,263.4570734500885,0.5811588764190674,0.0014122218126431108,0.0013931787107139826,0.0013361012662727845,0.0012988926016677027,0.9504469926191417,0.9447400085624998
