,fit_time,score_time,test_loss_constraint,train_loss_constraint,test_mse,train_mse,test_R2,train_R2
count,5.0,5.0,5.0,5.0,5.0,5.0,5.0,5.0
mean,3684.979145908356,28.290274000167848,1.256700234080199e-05,1.2594183317560237e-05,0.04655204405301986,0.04560913042403631,0.5471134296580501,0.5562234402404858
std,6.377370371679793,2.507960225179167,5.336407442543707e-06,5.357222531014559e-06,0.0030001611903301703,0.001721903327073636,0.024965084302065135,0.01687653596123158
min,3674.5368604660034,23.93134570121765,7.230530172819272e-06,7.150696546887048e-06,0.04162149661706753,0.04382214788607051,0.5237916280255039,0.5343501957754231
25%,3683.594983100891,28.949419736862183,8.8548767962493e-06,8.901201908884104e-06,0.0467115640389383,0.04412787563894136,0.5308378266439364,0.5430871206907111
50%,3687.167219400406,29.03411865234375,1.0200972610618919e-05,1.0281941285938956e-05,0.04701710535922106,0.045342920228306306,0.5444219674264036,0.5606402569214948
75%,3689.303671836853,29.134744882583618,1.7601185390958562e-05,1.7749887774698436e-05,0.04766071639691321,0.047097647848794395,0.5484740066467273,0.5708866531255161
max,3690.292994737625,30.40174102783203,1.8947446733363904e-05,1.888718907139264e-05,0.049749337852959166,0.047655060518068997,0.5880417195476793,0.5721529746892832
