,fit_time,score_time,test_loss_constraint,train_loss_constraint,test_mse,train_mse,test_R2,train_R2
0,429.77222418785095,0.5394465923309326,9.389156912220642e-05,7.196473598014563e-05,0.00044539442664049447,0.00034214056075605417,0.8387180243983305,0.8143554340641541
1,418.3553378582001,0.8185470104217529,7.043880759738386e-05,7.284407183760777e-05,0.00032844651659339586,0.00033948723923646747,0.838972130461523,0.8330447594271292
2,428.6430995464325,0.7243356704711914,6.132631824584678e-05,7.316577830351889e-05,0.0003092861747496359,0.00033588979675876023,0.8033018823746301,0.8415342432497154
3,432.43892121315,0.42359328269958496,6.078308797441423e-05,7.20902971806936e-05,0.00043334413545442193,0.00031146311017097835,0.7453955507507184,0.8529896365910729
4,425.9644811153412,0.8587167263031006,7.344943151110783e-05,6.455932452809066e-05,0.0006427427272232502,0.000397756658398411,0.6101069681864275,0.8004694502767742
