,fit_time,score_time,test_loss_constraint,train_loss_constraint,test_mse,train_mse,test_R2,train_R2
count,5.0,5.0,5.0,5.0,5.0,5.0,5.0,5.0
mean,700.2582057952881,6.692110538482666,0.0003239305631723255,0.00031826645135879517,0.014287241922293206,0.01320138323469204,0.7724305228024705,0.7901427999580226
std,6.547551715635522,1.9563193160563273,1.463581048761522e-05,1.0447466295010516e-05,0.0011824606640997617,0.00025756700936466155,0.019371755060707745,0.003152942311331617
min,689.7566349506378,4.267714738845825,0.0003058448783122003,0.00030092839733697474,0.013128232821019345,0.012994762273298986,0.7382020236533795,0.7847222741070529
25%,700.094518661499,5.92784309387207,0.00031073414720594883,0.000318266887916252,0.013693354481454477,0.012995128220884018,0.7776270303677667,0.7904201684529932
50%,701.777455329895,6.112492561340332,0.0003299664531368762,0.0003204706881660968,0.01402748381483653,0.013076227094232467,0.7789136112200041,0.7910698752080739
75%,701.912383556366,7.73630690574646,0.0003360674309078604,0.0003229502763133496,0.014343836427874065,0.013371085731997119,0.7819430465745862,0.7917226344178907
max,707.7500364780426,9.416195392608643,0.0003370399062987417,0.00032871600706130266,0.016243302066281617,0.013569712853047622,0.7854669021966157,0.7927790476041027
